English_Term,Italian_Translation,Italian_IPA,CEFR_Level,Notes,Tag
aids,,,B2,,
DNA,,,B2,,
Olympia,,,B2,,
Olympiad,,,B2,,
Shakespearean,,,B2,,
Soviet,,,B2,,
X-ray,,,B2,,
abandoned,,,B2,,
abnormally,,,B2,,
abolish,,,B2,,
aboriginal,,,B2,,
abruptly,,,B2,,
absentee,,,B2,,
absurd,,,B2,,
abuse,,,B2,,
accessibility,,,B2,,
accommodate,,,B2,,
accordingly,,,B2,,
accumulate,,,B2,,
accusation,,,B2,,
achievable,,,B2,,
acid,,,B2,,
acquisition,,,B2,,
acre,,,B2,,
activate,,,B2,,
actively,,,B2,,
actual,,,B2,,
acute,,,B2,,
adaptable,,,B2,,
addict,,,B2,,
addicted,,,B2,,
addiction,,,B2,,
additionally,,,B2,,
adequate,,,B2,,
adequately,,,B2,,
adjustment,,,B2,,
administrative,,,B2,,
admirable,,,B2,,
admiringly,,,B2,,
admittedly,,,B2,,
adopted,,,B2,,
adoption,,,B2,,
adore,,,B2,,
adorn,,,B2,,
advancement,,,B2,,
advent,,,B2,,
adventurous,,,B2,,
adverse,,,B2,,
adversely,,,B2,,
adversity,,,B2,,
affectionate,,,B2,,
affectionately,,,B2,,
affordable,,,B2,,
ageless,,,B2,,
aggressively,,,B2,,
agonize/agonise,,,B2,,
agony,,,B2,,
aircraft,,,B2,,
aircrew,,,B2,,
alcoholism,,,B2,,
alert,,,B2,,
alien,,,B2,,
allegation,,,B2,,
alliance,,,B2,,
ally,,,B2,,
alongside prep,,,B2,,
alongside,,,B2,,
alphabetical,,,B2,,
altar,,,B2,,
alter,,,B2,,
alternate,,,B2,,
alternatively,,,B2,,
altitude,,,B2,,
aluminum/aluminium,,,B2,,
amaze,,,B2,,
amazement,,,B2,,
amazingly,,,B2,,
ambassador,,,B2,,
ambiguity,,,B2,,
ambiguous,,,B2,,
ammonia,,,B2,,
amongst,,,B2,,
ample,,,B2,,
amplifier,,,B2,,
amplify,,,B2,,
amuse,,,B2,,
analogy,,,B2,,
analyst,,,B2,,
anchor,,,B2,,
anchorage,,,B2,,
anchorman,,,B2,,
anchorperson,,,B2,,
anguish,,,B2,,
animate,,,B2,,
anonymous,,,B2,,
antiaircraft,,,B2,,
antibacterial,,,B2,,
anticancer,,,B2,,
anticipate,,,B2,,
anticipation,,,B2,,
antipollution,,,B2,,
antistatic,,,B2,,
antivirus,,,B2,,
apostrophe,,,B2,,
applicant,,,B2,,
appreciative,,,B2,,
appropriately,,,B2,,
approximate,,,B2,,
arch,,,B2,,
archaeologist/archeologist,,,B2,,
arctic,,,B2,,
arena,,,B2,,
aristocracy,,,B2,,
armful,,,B2,,
arms,,,B2,,
arouse,,,B2,,
arrogant,,,B2,,
artery,,,B2,,
articulate,,,B2,,
artificially,,,B2,,
artistry,,,B2,,
artwork,,,B2,,
ash,,,B2,,
aspiration,,,B2,,
aspire,,,B2,,
assault,,,B2,,
assemble,,,B2,,
assembly,,,B2,,
assert,,,B2,,
assess,,,B2,,
assessment,,,B2,,
asset,,,B2,,
associated,,,B2,,
assumption,,,B2,,
assurance,,,B2,,
assure,,,B2,,
astonish,,,B2,,
astonished,,,B2,,
astonishing,,,B2,,
astonishment,,,B2,,
astronomy,,,B2,,
athletics,,,B2,,
attached,,,B2,,
attainable,,,B2,,
attainment,,,B2,,
attendance,,,B2,,
attentive,,,B2,,
attentively,,,B2,,
attractiveness,,,B2,,
attribute,,,B2,,
atypical,,,B2,,
aubergine,,,B2,,
audit,,,B2,,
audition,,,B2,,
authoritative,,,B2,,
authorize/authorise,,,B2,,
availability,,,B2,,
await,,,B2,,
awe,,,B2,,
ax/axe,,,B2,,
axis,,,B2,,
backup,,,B2,,
backward/backwards,,,B2,,
backyard,,,B2,,
bacteria,,,B2,,
bad-tempered,,,B2,,
badge,,,B2,,
balanced,,,B2,,
balky,,,B2,,
ballad,,,B2,,
ballet,,,B2,,
ballot,,,B2,,
banker,,,B2,,
bankrupt,,,B2,,
bankruptcy,,,B2,,
barbershop,,,B2,,
barley,,,B2,,
barn,,,B2,,
barometer,,,B2,,
barren,,,B2,,
barrier,,,B2,,
bartender,,,B2,,
bathhouse,,,B2,,
battlefield,,,B2,,
beagle,,,B2,,
beak,,,B2,,
beam,,,B2,,
bear (deal with),,,B2,,
bearing,,,B2,,
beautify,,,B2,,
bellow,,,B2,,
belongings,,,B2,,
beneficial,,,B2,,
benevolence,,,B2,,
benevolent,,,B2,,
berry,,,B2,,
beside prep,,,B2,,
besides prep,,,B2,,
bestow,,,B2,,
bestseller,,,B2,,
betray,,,B2,,
bewilder,,,B2,,
bewilderment,,,B2,,
bias,,,B2,,
bid,,,B2,,
bidding,,,B2,,
bikini,,,B2,,
bind,,,B2,,
bio,,,B2,,
biological,,,B2,,
biotechnology,,,B2,,
birdcage,,,B2,,
birthplace,,,B2,,
bitterly,,,B2,,
bizarre,,,B2,,
blade,,,B2,,
blast,,,B2,,
blaze,,,B2,,
blindly,,,B2,,
blindness,,,B2,,
blink,,,B2,,
bloodstream,,,B2,,
bloody,,,B2,,
blooming,,,B2,,
blossom,,,B2,,
blur,,,B2,,
blurt,,,B2,,
boiling,,,B2,,
bolt,,,B2,,
bombard,,,B2,,
bomber,,,B2,,
bombing,,,B2,,
bony,,,B2,,
bookish,,,B2,,
booklet,,,B2,,
bookmark,,,B2,,
boost,,,B2,,
booth,,,B2,,
bossy,,,B2,,
botany,,,B2,,
bothered,,,B2,,
bothersome,,,B2,,
bourbon,,,B2,,
boxer,,,B2,,
bracket,,,B2,,
brag,,,B2,,
bravery,,,B2,,
breakable,,,B2,,
breakdown,,,B2,,
breakup,,,B2,,
breathtaking,,,B2,,
breezy,,,B2,,
brewery,,,B2,,
brilliantly,,,B2,,
broadband,,,B2,,
broadcaster,,,B2,,
broaden,,,B2,,
broadly,,,B2,,
brochure,,,B2,,
brother-in-law,,,B2,,
browse,,,B2,,
browser,,,B2,,
bruise,,,B2,,
buck,,,B2,,
bud,,,B2,,
bulimia,,,B2,,
bully,,,B2,,
bum,,,B2,,
bumper,,,B2,,
bun,,,B2,,
burdensome,,,B2,,
bureaucracy,,,B2,,
burglary,,,B2,,
burgle,,,B2,,
burial,,,B2,,
bustle,,,B2,,
bustling,,,B2,,
but (prep),,,B2,,
buzz,,,B2,,
cabinet,,,B2,,
cable,,,B2,,
calmly,,,B2,,
cane,,,B2,,
cannonball,,,B2,,
canon,,,B2,,
capability,,,B2,,
caption,,,B2,,
captive,,,B2,,
caravan,,,B2,,
carbon dioxide,,,B2,,
carbon footprint,,,B2,,
carbon monoxide,,,B2,,
carbon,,,B2,,
cardboard,,,B2,,
cardigan,,,B2,,
carefree,,,B2,,
caring,,,B2,,
carnival,,,B2,,
carpool,,,B2,,
carve,,,B2,,
cascade,,,B2,,
cast,,,B2,,
casually,,,B2,,
catalog/catalogue,,,B2,,
catalyst,,,B2,,
catastrophe,,,B2,,
catastrophic,,,B2,,
catchy,,,B2,,
categorization/categorisation,,,B2,,
catering,,,B2,,
cathedral,,,B2,,
cease,,,B2,,
cellar,,,B2,,
cellist,,,B2,,
cello,,,B2,,
cemetery,,,B2,,
centigrade,,,B2,,
certificate,,,B2,,
certification,,,B2,,
certify,,,B2,,
chancellor,,,B2,,
chaotic,,,B2,,
charming,,,B2,,
checkpoint,,,B2,,
cheeky,,,B2,,
cheerfully,,,B2,,
cheerfulness,,,B2,,
chemotherapy,,,B2,,
cherished,,,B2,,
cherry,,,B2,,
chew,,,B2,,
childish,,,B2,,
chimney,,,B2,,
chop,,,B2,,
chunk,,,B2,,
circuit,,,B2,,
circuitry,,,B2,,
circumstance,,,B2,,
cite,,,B2,,
citywide,,,B2,,
civilization,,,B2,,
clam,,,B2,,
clap,,,B2,,
clarify,,,B2,,
classification,,,B2,,
clearness,,,B2,,
clerical,,,B2,,
climate change,,,B2,,
clog,,,B2,,
closure,,,B2,,
clumsy,,,B2,,
coaching,,,B2,,
coalition,,,B2,,
coarse,,,B2,,
coastline,,,B2,,
cocktail,,,B2,,
cocoa,,,B2,,
coconut,,,B2,,
coherence,,,B2,,
coherent,,,B2,,
coincide,,,B2,,
coincidence,,,B2,,
collector,,,B2,,
collocation,,,B2,,
colon,,,B2,,
colonial,,,B2,,
colony,,,B2,,
colourful,,,B2,,
coma,,,B2,,
comfortably,,,B2,,
commander,,,B2,,
commemorate,,,B2,,
commerce,,,B2,,
commission,,,B2,,
commonwealth,,,B2,,
communicative,,,B2,,
commute,,,B2,,
compassion,,,B2,,
compassionate,,,B2,,
compatible,,,B2,,
compensate,,,B2,,
compensation,,,B2,,
competence,,,B2,,
competent,,,B2,,
compile,,,B2,,
completion,,,B2,,
complexion,,,B2,,
complexity,,,B2,,
component,,,B2,,
comprehension,,,B2,,
comprehensive,,,B2,,
compress,,,B2,,
compression,,,B2,,
comprise,,,B2,,
compulsory,,,B2,,
compute,,,B2,,
conceal,,,B2,,
concede,,,B2,,
conceit,,,B2,,
conceivable,,,B2,,
conceive,,,B2,,
conception,,,B2,,
concerning,,,B2,,
concession,,,B2,,
concrete,,,B2,,
condemn,,,B2,,
conductor,,,B2,,
cone,,,B2,,
conferencing,,,B2,,
confess,,,B2,,
confession,,,B2,,
confidently,,,B2,,
confine,,,B2,,
confront,,,B2,,
conjunction,,,B2,,
conquest,,,B2,,
conscience,,,B2,,
consciousness,,,B2,,
consensus,,,B2,,
consent,,,B2,,
considerably,,,B2,,
considering,,,B2,,
consistent,,,B2,,
consistently,,,B2,,
consolation,,,B2,,
console,,,B2,,
conspiracy,,,B2,,
constant,,,B2,,
consult,,,B2,,
consultant,,,B2,,
contaminate,,,B2,,
contemporary,,,B2,,
contempt,,,B2,,
contract,,,B2,,
contradict,,,B2,,
contradiction,,,B2,,
contradictory,,,B2,,
controversy,,,B2,,
conveniently,,,B2,,
convention,,,B2,,
conventional,,,B2,,
converse,,,B2,,
conversely,,,B2,,
conversion,,,B2,,
convert,,,B2,,
convinced,,,B2,,
convincing,,,B2,,
cooperate,,,B2,,
cooperation,,,B2,,
cooperative,,,B2,,
cope,,,B2,,
copper,,,B2,,
coral,,,B2,,
core,,,B2,,
cornerstone,,,B2,,
cornet,,,B2,,
corona,,,B2,,
corporal,,,B2,,
corporate,,,B2,,
corporation,,,B2,,
correctness,,,B2,,
correspond,,,B2,,
correspondence,,,B2,,
correspondent,,,B2,,
corresponding,,,B2,,
corridor,,,B2,,
corrupt,,,B2,,
corruption,,,B2,,
costly,,,B2,,
counter (flat surface),,,B2,,
countryman,,,B2,,
countrywide,,,B2,,
courtesy,,,B2,,
coverage,,,B2,,
coward,,,B2,,
cowardly,,,B2,,
cowboy,,,B2,,
coziness/cosiness,,,B2,,
cozy/cosy,,,B2,,
crab,,,B2,,
crack,,,B2,,
craftsman,,,B2,,
crater,,,B2,,
crawl,,,B2,,
crease,,,B2,,
creation,,,B2,,
creatively,,,B2,,
creek,,,B2,,
creepy,,,B2,,
crew,,,B2,,
cripple,,,B2,,
criterion,,,B2,,
critically,,,B2,,
criticism,,,B2,,
crocodile,,,B2,,
crossly,,,B2,,
crucial,,,B2,,
cruelly,,,B2,,
cruelty,,,B2,,
crystallize/crystallise,,,B2,,
cube,,,B2,,
cubism,,,B2,,
cue,,,B2,,
cuff,,,B2,,
culmination,,,B2,,
culturally,,,B2,,
curl,,,B2,,
cursor,,,B2,,
curved,,,B2,,
cyberaddict,,,B2,,
cybercafe/cybercafé,,,B2,,
cybercrime,,,B2,,
cyberpet,,,B2,,
cyberschool,,,B2,,
cyberspace,,,B2,,
cyclist,,,B2,,
daft,,,B2,,
dairy,,,B2,,
damn,,,B2,,
dandelion,,,B2,,
darling,,,B2,,
dash,,,B2,,
database,,,B2,,
dated,,,B2,,
daughter-in-law,,,B2,,
dawn,,,B2,,
daytime,,,B2,,
de facto,,,B2,,
dearly,,,B2,,
debit card,,,B2,,
debit,,,B2,,
decay,,,B2,,
deceive,,,B2,,
decent,,,B2,,
deceptive,,,B2,,
decisive,,,B2,,
deck,,,B2,,
decomposition,,,B2,,
decoration,,,B2,,
decorative,,,B2,,
dedication,,,B2,,
deduce,,,B2,,
deduction,,,B2,,
deem,,,B2,,
deer,,,B2,,
defence,,,B2,,
deficit,,,B2,,
deforestation,,,B2,,
defy,,,B2,,
dehumanize/dehumanise,,,B2,,
delegate,,,B2,,
deliberate,,,B2,,
deliberately,,,B2,,
delicacy,,,B2,,
delicately,,,B2,,
demanding,,,B2,,
demolish,,,B2,,
denim,,,B2,,
dense,,,B2,,
densely,,,B2,,
dental,,,B2,,
dependable,,,B2,,
deputy,,,B2,,
descend,,,B2,,
descriptive,,,B2,,
desirable,,,B2,,
desktop,,,B2,,
desolation,,,B2,,
desperately,,,B2,,
desperation,,,B2,,
despise,,,B2,,
destiny,,,B2,,
detach,,,B2,,
detachment,,,B2,,
detailed,,,B2,,
detect,,,B2,,
determiner,,,B2,,
developing,,,B2,,
devil,,,B2,,
devote,,,B2,,
devoted,,,B2,,
diarrhea/diarrhoea,,,B2,,
dictator,,,B2,,
digest,,,B2,,
dignify,,,B2,,
dignity,,,B2,,
dilemma,,,B2,,
dim,,,B2,,
dime,,,B2,,
dimension,,,B2,,
dip,,,B2,,
diphtheria,,,B2,,
diploma,,,B2,,
diplomat,,,B2,,
disappearance,,,B2,,
disapproval,,,B2,,
disapprove,,,B2,,
disc,,,B2,,
discharge,,,B2,,
disciple,,,B2,,
discipline,,,B2,,
disconnect,,,B2,,
discredit,,,B2,,
discriminate,,,B2,,
disgrace,,,B2,,
disguise,,,B2,,
dishonesty,,,B2,,
disillusion,,,B2,,
dismiss,,,B2,,
disorder,,,B2,,
disorderly,,,B2,,
disorganized/disorganised,,,B2,,
dispensable,,,B2,,
displace,,,B2,,
displeasure,,,B2,,
disposal,,,B2,,
disposition,,,B2,,
dispute,,,B2,,
disqualify,,,B2,,
disregard,,,B2,,
disrupt,,,B2,,
dissatisfaction,,,B2,,
dissatisfied,,,B2,,
dissident,,,B2,,
distinct,,,B2,,
distinguished,,,B2,,
distortion,,,B2,,
distract,,,B2,,
distraction,,,B2,,
distressing,,,B2,,
distributor,,,B2,,
diversion,,,B2,,
diversity,,,B2,,
divert,,,B2,,
divided,,,B2,,
division,,,B2,,
divorce,,,B2,,
dock,,,B2,,
domestic,,,B2,,
dominant,,,B2,,
dominate,,,B2,,
donation,,,B2,,
donkey,,,B2,,
doom,,,B2,,
doorkeeper,,,B2,,
doorway,,,B2,,
dorm,,,B2,,
dormitory,,,B2,,
dose,,,B2,,
doubly,,,B2,,
doubtful,,,B2,,
dove,,,B2,,
downfall,,,B2,,
downsize,,,B2,,
downwards,,,B2,,
dowry,,,B2,,
draft,,,B2,,
draft/draught,,,B2,,
drain,,,B2,,
dramatically,,,B2,,
drapery,,,B2,,
dread,,,B2,,
dreadful,,,B2,,
dreamy,,,B2,,
drinkable,,,B2,,
droop,,,B2,,
dropout,,,B2,,
drought,,,B2,,
duel,,,B2,,
dumb,,,B2,,
duplicate,,,B2,,
duplication,,,B2,,
duration,,,B2,,
dwarf,,,B2,,
dye,,,B2,,
dynamic,,,B2,,
eagerly,,,B2,,
eagle,,,B2,,
earnings,,,B2,,
ease,,,B2,,
eastward,,,B2,,
ecologically,,,B2,,
ecologist,,,B2,,
economical,,,B2,,
economist,,,B2,,
ecstatic,,,B2,,
edit,,,B2,,
editorial,,,B2,,
educator,,,B2,,
effectiveness,,,B2,,
efficiently,,,B2,,
elect,,,B2,,
elective,,,B2,,
electrician,,,B2,,
electronically,,,B2,,
electronics,,,B2,,
elegance,,,B2,,
elegant,,,B2,,
elegantly,,,B2,,
elemental,,,B2,,
eligible,,,B2,,
elite,,,B2,,
eloquence,,,B2,,
eloquent,,,B2,,
embassy,,,B2,,
embrace,,,B2,,
emergence,,,B2,,
emission,,,B2,,
emphasize,,,B2,,
emphatically,,,B2,,
endeavor/endeavour,,,B2,,
endlessly,,,B2,,
endorse,,,B2,,
endurance,,,B2,,
enduring,,,B2,,
enforce,,,B2,,
engagement,,,B2,,
engulf,,,B2,,
enhance,,,B2,,
enquiry,,,B2,,
enroll/enrol,,,B2,,
enterprise,,,B2,,
entertaining,,,B2,,
enthusiastically,,,B2,,
entitle,,,B2,,
entrepreneur,,,B2,,
environmentally friendly,,,B2,,
environmentally,,,B2,,
equation,,,B2,,
equip,,,B2,,
equity,,,B2,,
equivalent,,,B2,,
erect,,,B2,,
erupt,,,B2,,
eruption,,,B2,,
essayist,,,B2,,
essentially,,,B2,,
estate,,,B2,,
estimated,,,B2,,
eternally,,,B2,,
ethic,,,B2,,
ethical,,,B2,,
ethnic,,,B2,,
evacuate,,,B2,,
evacuation,,,B2,,
evaluate,,,B2,,
evaluation,,,B2,,
everlasting,,,B2,,
evidently,,,B2,,
evil,,,B2,,
evolution,,,B2,,
evolve,,,B2,,
exactness,,,B2,,
exaggerate,,,B2,,
exaggeration,,,B2,,
exalt,,,B2,,
examinee,,,B2,,
exceed,,,B2,,
excel,,,B2,,
exception,,,B2,,
exceptional,,,B2,,
exceptionally,,,B2,,
excessive,,,B2,,
exclaim,,,B2,,
exclamation mark,,,B2,,
exclude,,,B2,,
exclusion,,,B2,,
exclusively,,,B2,,
excursion,,,B2,,
execute,,,B2,,
execution,,,B2,,
executive,,,B2,,
exhaust,,,B2,,
exhausting,,,B2,,
exhaustion,,,B2,,
exhibit,,,B2,,
exile,,,B2,,
existing,,,B2,,
exotic,,,B2,,
expansion,,,B2,,
expectation,,,B2,,
expertise,,,B2,,
exploit,,,B2,,
explorer,,,B2,,
explosive,,,B2,,
exposure,,,B2,,
expressive,,,B2,,
exquisite,,,B2,,
extension,,,B2,,
extensive,,,B2,,
external,,,B2,,
extract,,,B2,,
extraordinarily,,,B2,,
exultant,,,B2,,
eyebrow,,,B2,,
eyelash,,,B2,,
eyelid,,,B2,,
fabric,,,B2,,
fabulous,,,B2,,
facilitate,,,B2,,
facilities,,,B2,,
faculty,,,B2,,
failed,,,B2,,
faith,,,B2,,
falter,,,B2,,
fame,,,B2,,
familiarize/familiarise,,,B2,,
fantastically,,,B2,,
fascinated,,,B2,,
fascination,,,B2,,
fatal,,,B2,,
fate,,,B2,,
father-in-law,,,B2,,
faulty,,,B2,,
fearsome,,,B2,,
feat,,,B2,,
fed up,,,B2,,
federal,,,B2,,
feedback,,,B2,,
ferryboat,,,B2,,
fiber/fibre,,,B2,,
fictional,,,B2,,
fierce,,,B2,,
figurative,,,B2,,
filial,,,B2,,
financially,,,B2,,
finely,,,B2,,
fingernail,,,B2,,
fire brigade,,,B2,,
firearm,,,B2,,
fireplace,,,B2,,
firmness,,,B2,,
first language,,,B2,,
first person,,,B2,,
fiscal,,,B2,,
flame,,,B2,,
flap,,,B2,,
flavour,,,B2,,
flaw,,,B2,,
flawless,,,B2,,
flax,,,B2,,
flee,,,B2,,
fleet,,,B2,,
flesh,,,B2,,
flexibility,,,B2,,
flexible,,,B2,,
flexibly,,,B2,,
flip,,,B2,,
fluency,,,B2,,
fluid,,,B2,,
flutter,,,B2,,
folding,,,B2,,
follower,,,B2,,
folly,,,B2,,
fondly,,,B2,,
foolishly,,,B2,,
footnote,,,B2,,
forcefully,,,B2,,
foreman,,,B2,,
foresee,,,B2,,
forestry,,,B2,,
formation,,,B2,,
formerly,,,B2,,
formidable,,,B2,,
forthcoming,,,B2,,
forum,,,B2,,
fossil,,,B2,,
foul,,,B2,,
found,,,B2,,
founder,,,B2,,
fox,,,B2,,
fraction,,,B2,,
fragrance,,,B2,,
framework,,,B2,,
frankly,,,B2,,
frantically,,,B2,,
fraud,,,B2,,
freak,,,B2,,
frigate,,,B2,,
frontier,,,B2,,
frugal,,,B2,,
fulfil,,,B2,,
fulfill/fulfil,,,B2,,
fume,,,B2,,
functional,,,B2,,
functionality,,,B2,,
fundamental,,,B2,,
fundamentally,,,B2,,
funding,,,B2,,
funk,,,B2,,
funky,,,B2,,
furious,,,B2,,
furiously,,,B2,,
furor/furore,,,B2,,
gaiety,,,B2,,
gambling,,,B2,,
gaming,,,B2,,
gang,,,B2,,
gangster,,,B2,,
gardener,,,B2,,
gasp,,,B2,,
gateway,,,B2,,
gaudy,,,B2,,
gaze,,,B2,,
gear,,,B2,,
generalization/generalisation,,,B2,,
generalize/generalise,,,B2,,
generosity,,,B2,,
generously,,,B2,,
genius,,,B2,,
genre,,,B2,,
gently,,,B2,,
genuine,,,B2,,
genuinely,,,B2,,
geographic,,,B2,,
germ,,,B2,,
getaway,,,B2,,
ghetto,,,B2,,
giveaway,,,B2,,
glacis,,,B2,,
glamorous/glamourous,,,B2,,
glare,,,B2,,
gleam,,,B2,,
glee,,,B2,,
global warming,,,B2,,
globalization,,,B2,,
globally,,,B2,,
glocal,,,B2,,
gloomy,,,B2,,
glorify,,,B2,,
glow,,,B2,,
goat,,,B2,,
godly,,,B2,,
goodwill,,,B2,,
gook,,,B2,,
gorge,,,B2,,
governmental,,,B2,,
gracefulness,,,B2,,
gradual,,,B2,,
grand,,,B2,,
graphically,,,B2,,
grasp,,,B2,,
gravestone,,,B2,,
gravitation,,,B2,,
greatness,,,B2,,
grief,,,B2,,
grieve,,,B2,,
grim,,,B2,,
grin,,,B2,,
grip,,,B2,,
gross,,,B2,,
growing,,,B2,,
grown-up,,,B2,,
guerrilla,,,B2,,
guideline,,,B2,,
gulp,,,B2,,
gum,,,B2,,
gunshot,,,B2,,
guts,,,B2,,
gymnastic,,,B2,,
habitant,,,B2,,
hail,,,B2,,
hairy,,,B2,,
handicap,,,B2,,
handicraft,,,B2,,
handout,,,B2,,
handrail,,,B2,,
harbour,,,B2,,
hard drive,,,B2,,
hardware,,,B2,,
harmless,,,B2,,
harrow,,,B2,,
haste,,,B2,,
hastily,,,B2,,
hatching,,,B2,,
haunting,,,B2,,
hay,,,B2,,
hazardous,,,B2,,
headquarters,,,B2,,
health care,,,B2,,
healthcare,,,B2,,
heap,,,B2,,
heartbreaking,,,B2,,
heartwarming/heart-warming,,,B2,,
hedge,,,B2,,
hell,,,B2,,
helper,,,B2,,
hemp,,,B2,,
hence,,,B2,,
herb,,,B2,,
heritage,,,B2,,
hesitation,,,B2,,
high-tech/hi-tech,,,B2,,
hijack,,,B2,,
hilarious,,,B2,,
hint,,,B2,,
holder,,,B2,,
hollow,,,B2,,
holocaust,,,B2,,
homeward,,,B2,,
hone,,,B2,,
honor/honour,,,B2,,
honorable/honourable,,,B2,,
honour,,,B2,,
hood,,,B2,,
hook,,,B2,,
hospice,,,B2,,
hospitable,,,B2,,
hospitality,,,B2,,
hospitalize/hospitalise,,,B2,,
hourly,,,B2,,
housekeeper,,,B2,,
housemaster,,,B2,,
housewife,,,B2,,
housing,,,B2,,
hover,,,B2,,
hugely,,,B2,,
human rights,,,B2,,
humane,,,B2,,
humanist,,,B2,,
humanize/humanise,,,B2,,
humble,,,B2,,
humbug,,,B2,,
humiliate,,,B2,,
humiliating,,,B2,,
humiliation,,,B2,,
humour,,,B2,,
hunting,,,B2,,
hush,,,B2,,
hybrid,,,B2,,
hygiene,,,B2,,
hyperbole,,,B2,,
hyphen,,,B2,,
hypothesis,,,B2,,
iceman,,,B2,,
icon,,,B2,,
icy,,,B2,,
ideally,,,B2,,
identical,,,B2,,
identification,,,B2,,
ideology,,,B2,,
idiot,,,B2,,
idle,,,B2,,
idolize/idolise,,,B2,,
ignorance,,,B2,,
ignorant,,,B2,,
illusion,,,B2,,
illustrate,,,B2,,
illustration,,,B2,,
imagery,,,B2,,
imitation,,,B2,,
immerse,,,B2,,
immoral,,,B2,,
immortal,,,B2,,
immortality,,,B2,,
immune,,,B2,,
impartial,,,B2,,
impatiently,,,B2,,
imperative,,,B2,,
impermanent,,,B2,,
implement,,,B2,,
implication,,,B2,,
imply,,,B2,,
impolite,,,B2,,
impolitely,,,B2,,
impose,,,B2,,
impossibility,,,B2,,
impractical,,,B2,,
impressed,,,B2,,
impressionism,,,B2,,
impressionist,,,B2,,
imprison,,,B2,,
imprisonment,,,B2,,
improbable,,,B2,,
improperly,,,B2,,
improved,,,B2,,
impulse,,,B2,,
impulsive,,,B2,,
inaccurate,,,B2,,
inadequate,,,B2,,
inanimate,,,B2,,
inborn,,,B2,,
incense,,,B2,,
incentive,,,B2,,
incorporate,,,B2,,
incur,,,B2,,
incurable,,,B2,,
indebted,,,B2,,
indent,,,B2,,
independently,,,B2,,
indescribable,,,B2,,
index,,,B2,,
indication,,,B2,,
indifferent,,,B2,,
indignity,,,B2,,
indispensable,,,B2,,
indulge,,,B2,,
indulgent,,,B2,,
industrialize/industrialise,,,B2,,
ineffective,,,B2,,
inert,,,B2,,
inevitably,,,B2,,
inexperienced,,,B2,,
infant,,,B2,,
infect,,,B2,,
infected,,,B2,,
infectious,,,B2,,
infer,,,B2,,
inference,,,B2,,
inflammation,,,B2,,
inflammatory,,,B2,,
inflate,,,B2,,
inflation,,,B2,,
influential,,,B2,,
influenza,,,B2,,
info,,,B2,,
infrastructure,,,B2,,
infringe,,,B2,,
infringement,,,B2,,
inhabit,,,B2,,
inherit,,,B2,,
initiative,,,B2,,
injection,,,B2,,
innate,,,B2,,
innocently,,,B2,,
innovation,,,B2,,
innovative,,,B2,,
input,,,B2,,
inquire/enquire,,,B2,,
inseparable,,,B2,,
insert,,,B2,,
inspect,,,B2,,
inspector,,,B2,,
inspirational,,,B2,,
install,,,B2,,
installation,,,B2,,
instantly,,,B2,,
instill/instil,,,B2,,
instinct,,,B2,,
institution,,,B2,,
instruct,,,B2,,
insufficient,,,B2,,
insult,,,B2,,
integrate,,,B2,,
intellectual,,,B2,,
intended,,,B2,,
intent,,,B2,,
interactive,,,B2,,
interfere,,,B2,,
interior,,,B2,,
interpersonal,,,B2,,
interpret,,,B2,,
interpretation,,,B2,,
interpreter,,,B2,,
interruption,,,B2,,
intersection,,,B2,,
intimate,,,B2,,
intransitive,,,B2,,
intravenous,,,B2,,
intrude,,,B2,,
intruder,,,B2,,
intrusion,,,B2,,
invariable,,,B2,,
invariably,,,B2,,
inventor,,,B2,,
inverted commas,,,B2,,
investigator,,,B2,,
investment,,,B2,,
investor,,,B2,,
invisible,,,B2,,
invitingly,,,B2,,
invoke,,,B2,,
involvement,,,B2,,
ironically,,,B2,,
irrational,,,B2,,
irresistible,,,B2,,
irresistibly,,,B2,,
irresponsible,,,B2,,
irritated,,,B2,,
irritating,,,B2,,
irritation,,,B2,,
islander,,,B2,,
isolate,,,B2,,
isolated,,,B2,,
italicize/italicise,,,B2,,
itch,,,B2,,
jail,,,B2,,
jaw,,,B2,,
jealously,,,B2,,
jeopardize/jeopardise,,,B2,,
jeweler/jeweller,,,B2,,
journalism,,,B2,,
judgement,,,B2,,
judo,,,B2,,
junk food,,,B2,,
juror,,,B2,,
jury,,,B2,,
justify,,,B2,,
kangaroo,,,B2,,
karaoke,,,B2,,
keeper,,,B2,,
kerosene,,,B2,,
keystroke,,,B2,,
kindergarten,,,B2,,
kneel,,,B2,,
knot,,,B2,,
knowingly,,,B2,,
known,,,B2,,
laborer/labourer,,,B2,,
labour,,,B2,,
lame,,,B2,,
lance,,,B2,,
landing,,,B2,,
landlady,,,B2,,
landslide,,,B2,,
lap,,,B2,,
lark,,,B2,,
laser,,,B2,,
last minute,,,B2,,
last-minute,,,B2,,
lastly,,,B2,,
laundry,,,B2,,
lava,,,B2,,
lawmaker,,,B2,,
lawn,,,B2,,
lawsuit,,,B2,,
layabout,,,B2,,
leaflet,,,B2,,
leak,,,B2,,
lease,,,B2,,
leash,,,B2,,
lecturer,,,B2,,
leek,,,B2,,
legend,,,B2,,
legendary,,,B2,,
legislate,,,B2,,
legislation,,,B2,,
legislative,,,B2,,
legislator,,,B2,,
legislature,,,B2,,
legitimate,,,B2,,
leisurely,,,B2,,
lengthen,,,B2,,
lengthy,,,B2,,
lens,,,B2,,
leopard,,,B2,,
lest,,,B2,,
liberal,,,B2,,
licence,,,B2,,
lick,,,B2,,
lid,,,B2,,
lifeless,,,B2,,
lifetime,,,B2,,
lighten,,,B2,,
lighting,,,B2,,
likewise,,,B2,,
limb,,,B2,,
linen,,,B2,,
liner,,,B2,,
ling,,,B2,,
linger,,,B2,,
literal,,,B2,,
literally,,,B2,,
litter,,,B2,,
loan,,,B2,,
lobby,,,B2,,
loneliness,,,B2,,
long-distance,,,B2,,
long-term,,,B2,,
loosely,,,B2,,
lord,,,B2,,
lousy,,,B2,,
lower,,,B2,,
lowland,,,B2,,
lucrative,,,B2,,
lush,,,B2,,
luxurious,,,B2,,
lyrics,,,B2,,
madam,,,B2,,
madame,,,B2,,
madness,,,B2,,
maestro,,,B2,,
magnify,,,B2,,
makeup,,,B2,,
making,,,B2,,
malady,,,B2,,
malaria,,,B2,,
mama/mamma,,,B2,,
mango,,,B2,,
manipulate,,,B2,,
mansion,,,B2,,
manual,,,B2,,
manufacture,,,B2,,
manufacturer,,,B2,,
manufacturing,,,B2,,
marathon,,,B2,,
margin,,,B2,,
marker,,,B2,,
martial art,,,B2,,
martial,,,B2,,
mask,,,B2,,
massacre,,,B2,,
massage,,,B2,,
masseur,,,B2,,
master,,,B2,,
masterpiece,,,B2,,
mastery,,,B2,,
matching,,,B2,,
mate,,,B2,,
mathematical,,,B2,,
mature,,,B2,,
mausoleum,,,B2,,
means,,,B2,,
mechanism,,,B2,,
mechanize/mechanise,,,B2,,
medication,,,B2,,
medieval/mediaeval,,,B2,,
mediocre,,,B2,,
melody,,,B2,,
memorial,,,B2,,
mentor,,,B2,,
merchandise,,,B2,,
mercy,,,B2,,
merge,,,B2,,
merger,,,B2,,
messenger,,,B2,,
metaphor,,,B2,,
metric,,,B2,,
micro,,,B2,,
microbe,,,B2,,
microcomputer,,,B2,,
micrometer/micrometre,,,B2,,
microorganism,,,B2,,
microphone,,,B2,,
microscope,,,B2,,
microscopic,,,B2,,
microscopy,,,B2,,
microwave,,,B2,,
midst,,,B2,,
mighty,,,B2,,
migration,,,B2,,
mill,,,B2,,
millimeter/millimetre,,,B2,,
millionaire,,,B2,,
mimic,,,B2,,
miner,,,B2,,
miniature,,,B2,,
minister,,,B2,,
mint,,,B2,,
misconception,,,B2,,
misfortune,,,B2,,
misleading,,,B2,,
missile,,,B2,,
mist,,,B2,,
mistreat,,,B2,,
mistrustful,,,B2,,
misunderstand,,,B2,,
mixed,,,B2,,
mobility,,,B2,,
mock,,,B2,,
mode,,,B2,,
modernization/modernisation,,,B2,,
modernize/modernise,,,B2,,
modest,,,B2,,
modification,,,B2,,
mogul,,,B2,,
mold/mould,,,B2,,
momentarily,,,B2,,
momentary,,,B2,,
monastery,,,B2,,
moody,,,B2,,
moonlight,,,B2,,
moonscape,,,B2,,
morality,,,B2,,
morally,,,B2,,
mortal,,,B2,,
mortar,,,B2,,
mortgage,,,B2,,
mortify,,,B2,,
mother-in-law,,,B2,,
motion,,,B2,,
motivated,,,B2,,
motorbike,,,B2,,
motorist,,,B2,,
mournful,,,B2,,
mover,,,B2,,
moving,,,B2,,
muddy,,,B2,,
multiple,,,B2,,
multiply,,,B2,,
mumble,,,B2,,
murmur,,,B2,,
muse,,,B2,,
mustache/moustache,,,B2,,
mutability,,,B2,,
mutable,,,B2,,
mutter,,,B2,,
mutton,,,B2,,
mystify,,,B2,,
nano,,,B2,,
narcissistic,,,B2,,
narrator,,,B2,,
narrowly,,,B2,,
nationwide,,,B2,,
native speaker,,,B2,,
naughty,,,B2,,
naval,,,B2,,
navigate,,,B2,,
navigation,,,B2,,
navy,,,B2,,
neat,,,B2,,
necessity,,,B2,,
needless,,,B2,,
needy,,,B2,,
negatively,,,B2,,
neglect,,,B2,,
neighboring/neighbouring,,,B2,,
nerve,,,B2,,
nerves,,,B2,,
nervously,,,B2,,
netsurfer/net surfer,,,B2,,
neurosis,,,B2,,
newscaster,,,B2,,
newsworthy,,,B2,,
nicely,,,B2,,
nickel,,,B2,,
nightclub,,,B2,,
nightmare,,,B2,,
nobility,,,B2,,
noble,,,B2,,
nobleman,,,B2,,
nomad,,,B2,,
nomination,,,B2,,
nominee,,,B2,,
non-smoking,,,B2,,
nonprofessional,,,B2,,
norm,,,B2,,
northward,,,B2,,
nostril,,,B2,,
nought,,,B2,,
nourish,,,B2,,
nourishment,,,B2,,
novelty,,,B2,,
nuisance,,,B2,,
numerical,,,B2,,
nursery,,,B2,,
nursing,,,B2,,
nutshell,,,B2,,
oath,,,B2,,
obedience,,,B2,,
obedient,,,B2,,
obesity,,,B2,,
obey,,,B2,,
obituary,,,B2,,
obligation,,,B2,,
observer,,,B2,,
obsess,,,B2,,
obsession,,,B2,,
obsessive,,,B2,,
offence,,,B2,,
offend,,,B2,,
offender,,,B2,,
offense/offence,,,B2,,
offhand,,,B2,,
offshore,,,B2,,
ointment,,,B2,,
olive,,,B2,,
ongoing,,,B2,,
openly,,,B2,,
operator,,,B2,,
opponent,,,B2,,
opposed,,,B2,,
optimism,,,B2,,
optimist,,,B2,,
optimistic,,,B2,,
optional,,,B2,,
orator,,,B2,,
orchestral,,,B2,,
orchid,,,B2,,
organizer/organiser,,,B2,,
originality,,,B2,,
originate,,,B2,,
ornament,,,B2,,
ounce,,,B2,,
outback,,,B2,,
outbreak,,,B2,,
outcome,,,B2,,
outdistance,,,B2,,
outdo,,,B2,,
outfit,,,B2,,
outgrow,,,B2,,
outing,,,B2,,
outlet,,,B2,,
outlive,,,B2,,
outlook,,,B2,,
outpatient,,,B2,,
output,,,B2,,
outrage,,,B2,,
outrageous,,,B2,,
outshine,,,B2,,
outsider,,,B2,,
outskirts,,,B2,,
outwardly,,,B2,,
oval,,,B2,,
overall,,,B2,,
overboard,,,B2,,
overbook,,,B2,,
overcoat,,,B2,,
overemphasize/overemphasise,,,B2,,
overestimate,,,B2,,
overhear,,,B2,,
overlap,,,B2,,
overlook,,,B2,,
overly,,,B2,,
overshadow,,,B2,,
oversize,,,B2,,
overstep,,,B2,,
overtake,,,B2,,
overthrow,,,B2,,
overtime,,,B2,,
overturn,,,B2,,
ow,,,B2,,
owing to,,,B2,,
owl,,,B2,,
ownership,,,B2,,
ox,,,B2,,
ozone,,,B2,,
pH,,,B2,,
pa,,,B2,,
packed,,,B2,,
packet,,,B2,,
pad,,,B2,,
paintbrush,,,B2,,
pajamas/pyjamas,,,B2,,
pallet,,,B2,,
pancake,,,B2,,
pandemic,,,B2,,
panel,,,B2,,
papaya,,,B2,,
paperless,,,B2,,
paperwork,,,B2,,
parade,,,B2,,
paradox,,,B2,,
parallel,,,B2,,
paralysis,,,B2,,
paramedic,,,B2,,
paratrooper,,,B2,,
parliament,,,B2,,
participation,,,B2,,
particle,,,B2,,
partisan,,,B2,,
partnership,,,B2,,
passionate,,,B2,,
passionately,,,B2,,
pastor,,,B2,,
pastoral,,,B2,,
patch,,,B2,,
patiently,,,B2,,
patriot,,,B2,,
patriotic,,,B2,,
patriotism,,,B2,,
patron,,,B2,,
pave,,,B2,,
pavement,,,B2,,
paw,,,B2,,
pawnbroker,,,B2,,
pawnshop,,,B2,,
peacefully,,,B2,,
peach,,,B2,,
peak,,,B2,,
pearl,,,B2,,
pebble,,,B2,,
pedal,,,B2,,
pedantic,,,B2,,
pedestrian,,,B2,,
pee,,,B2,,
peel,,,B2,,
peep,,,B2,,
peer,,,B2,,
peg,,,B2,,
penalize/penalise,,,B2,,
penalty,,,B2,,
penetrate,,,B2,,
penguin,,,B2,,
penicillin,,,B2,,
pension,,,B2,,
pentagon,,,B2,,
perceive,,,B2,,
perception,,,B2,,
permanence,,,B2,,
permeate,,,B2,,
perseverance,,,B2,,
persist,,,B2,,
persistence,,,B2,,
persistent,,,B2,,
personification,,,B2,,
personify,,,B2,,
personnel,,,B2,,
perspective,,,B2,,
perspiration,,,B2,,
persuasion,,,B2,,
pessimist,,,B2,,
pessimistic,,,B2,,
petrified,,,B2,,
petty,,,B2,,
pharmacist,,,B2,,
phase,,,B2,,
philosophical,,,B2,,
physician,,,B2,,
pi,,,B2,,
pickle,,,B2,,
picky,,,B2,,
picturesque,,,B2,,
pillowcase,,,B2,,
pine,,,B2,,
pint,,,B2,,
piracy,,,B2,,
pirate,,,B2,,
pitch,,,B2,,
placement,,,B2,,
plague,,,B2,,
playmate,,,B2,,
playwright,,,B2,,
plead,,,B2,,
pluck,,,B2,,
plum,,,B2,,
plumber,,,B2,,
pneumonia,,,B2,,
point of view,,,B2,,
pointed,,,B2,,
pointless,,,B2,,
polar bear,,,B2,,
polio,,,B2,,
polish,,,B2,,
politeness,,,B2,,
politically,,,B2,,
polity,,,B2,,
polo,,,B2,,
ponder,,,B2,,
popularity,,,B2,,
popularize/popularise,,,B2,,
porch,,,B2,,
portion,,,B2,,
pose,,,B2,,
posh,,,B2,,
possessed,,,B2,,
postal,,,B2,,
postpone,,,B2,,
potent,,,B2,,
potentially,,,B2,,
powerfully,,,B2,,
practicality,,,B2,,
practically,,,B2,,
prance,,,B2,,
prawn,,,B2,,
precede,,,B2,,
precisely,,,B2,,
predicament,,,B2,,
predicate,,,B2,,
predicative,,,B2,,
predictable,,,B2,,
predictive,,,B2,,
predictor,,,B2,,
prefect,,,B2,,
preferable,,,B2,,
preferably,,,B2,,
prehistoric,,,B2,,
prehuman,,,B2,,
preindustrial,,,B2,,
prejudge,,,B2,,
preliminary,,,B2,,
preoccupy,,,B2,,
prescribe,,,B2,,
presenter,,,B2,,
presidency,,,B2,,
presidential,,,B2,,
prestige,,,B2,,
prestigious,,,B2,,
presumably,,,B2,,
prevail,,,B2,,
prevention,,,B2,,
preventive,,,B2,,
priceless,,,B2,,
prick,,,B2,,
prime minister,,,B2,,
prime,,,B2,,
prior,,,B2,,
priority,,,B2,,
privately,,,B2,,
privilege,,,B2,,
probable,,,B2,,
probe,,,B2,,
procedure,,,B2,,
profitable,,,B2,,
programmer,,,B2,,
programming,,,B2,,
prohibit,,,B2,,
projection,,,B2,,
prom,,,B2,,
prominence,,,B2,,
promising,,,B2,,
prompt,,,B2,,
promptly,,,B2,,
proponent,,,B2,,
proposed,,,B2,,
prose,,,B2,,
prosecute,,,B2,,
prospect,,,B2,,
prosper,,,B2,,
protein,,,B2,,
protester,,,B2,,
proudly,,,B2,,
proven,,,B2,,
province,,,B2,,
provision,,,B2,,
proximity,,,B2,,
psychologically,,,B2,,
psychology,,,B2,,
publication,,,B2,,
publicity,,,B2,,
publicize/publicise,,,B2,,
publishing,,,B2,,
pudding,,,B2,,
pulse,,,B2,,
pumpkin,,,B2,,
punch,,,B2,,
punctual,,,B2,,
punctuality,,,B2,,
punk,,,B2,,
purchase,,,B2,,
purely,,,B2,,
purposeful,,,B2,,
pursuit,,,B2,,
puzzled,,,B2,,
quantify,,,B2,,
quarantine,,,B2,,
quarrel,,,B2,,
quarrelsome,,,B2,,
queer,,,B2,,
query,,,B2,,
quotable,,,B2,,
racism,,,B2,,
racist,,,B2,,
rack,,,B2,,
radar,,,B2,,
radiate,,,B2,,
radical,,,B2,,
radically,,,B2,,
radium,,,B2,,
rafter,,,B2,,
rag,,,B2,,
rainbow,,,B2,,
rainstorm,,,B2,,
rally,,,B2,,
ram,,,B2,,
ramp,,,B2,,
random,,,B2,,
ranger,,,B2,,
rape,,,B2,,
rash,,,B2,,
rattle,,,B2,,
ravage,,,B2,,
readily,,,B2,,
real estate,,,B2,,
realization/realisation,,,B2,,
rear,,,B2,,
reasonably,,,B2,,
rebel,,,B2,,
rebellious,,,B2,,
receiver,,,B2,,
recession,,,B2,,
reckon,,,B2,,
recognition,,,B2,,
recollect,,,B2,,
recollection,,,B2,,
recommendable,,,B2,,
reconsider,,,B2,,
recreation,,,B2,,
recruit,,,B2,,
rectangular,,,B2,,
redo,,,B2,,
redundant,,,B2,,
reed,,,B2,,
referent,,,B2,,
refinery,,,B2,,
reflective,,,B2,,
reform,,,B2,,
refrain,,,B2,,
refresh,,,B2,,
refuge,,,B2,,
refugee,,,B2,,
refute,,,B2,,
regardless,,,B2,,
reggae,,,B2,,
regime,,,B2,,
regrettably,,,B2,,
regulate,,,B2,,
rehearsal,,,B2,,
reinforce,,,B2,,
reinforcement,,,B2,,
rejection,,,B2,,
rejoin,,,B2,,
relativity,,,B2,,
relaxation,,,B2,,
relay,,,B2,,
relevant,,,B2,,
relic,,,B2,,
relief,,,B2,,
relieve,,,B2,,
relieved,,,B2,,
reluctant,,,B2,,
remaining,,,B2,,
remains,,,B2,,
remarkably,,,B2,,
reminder,,,B2,,
rental,,,B2,,
reorganize/reorganise,,,B2,,
repaint,,,B2,,
repertoire,,,B2,,
repetition,,,B2,,
replacement,,,B2,,
replica,,,B2,,
reporting,,,B2,,
repress,,,B2,,
repression,,,B2,,
reprint,,,B2,,
reprove,,,B2,,
residence,,,B2,,
resign,,,B2,,
resignation,,,B2,,
resistance,,,B2,,
resolution,,,B2,,
resonant,,,B2,,
respectably,,,B2,,
respected,,,B2,,
respiration,,,B2,,
respiratory,,,B2,,
restriction,,,B2,,
resume,,,B2,,
retailer,,,B2,,
retard,,,B2,,
retina,,,B2,,
retirement,,,B2,,
retreat,,,B2,,
retrieve,,,B2,,
revelation,,,B2,,
revenge,,,B2,,
revenue,,,B2,,
reverence,,,B2,,
reverse,,,B2,,
revival,,,B2,,
revive,,,B2,,
revolution,,,B2,,
revolutionary,,,B2,,
revolutionize/revolutionise,,,B2,,
revolve,,,B2,,
rhinoceros,,,B2,,
rhyme,,,B2,,
rhythmic,,,B2,,
rib,,,B2,,
rider,,,B2,,
ridge,,,B2,,
righteousness,,,B2,,
rightly,,,B2,,
rim,,,B2,,
rip,,,B2,,
risky,,,B2,,
rite,,,B2,,
ritual,,,B2,,
rival,,,B2,,
roam,,,B2,,
roar,,,B2,,
rocket,,,B2,,
rocky,,,B2,,
roommate,,,B2,,
rosy,,,B2,,
royalty,,,B2,,
rub,,,B2,,
rubble,,,B2,,
rug,,,B2,,
ruinous,,,B2,,
rural,,,B2,,
rush hour,,,B2,,
rusty,,,B2,,
résumé,,,B2,,
sack,,,B2,,
sag,,,B2,,
sage,,,B2,,
salesmanship,,,B2,,
salesperson,,,B2,,
saleswoman,,,B2,,
salon,,,B2,,
salsa,,,B2,,
salty,,,B2,,
sandstone,,,B2,,
sanitary,,,B2,,
sanitation,,,B2,,
satisfactory,,,B2,,
saving,,,B2,,
saving/savings,,,B2,,
scandal,,,B2,,
scar,,,B2,,
scarcely,,,B2,,
scarlet,,,B2,,
scenario,,,B2,,
scent,,,B2,,
scheduled,,,B2,,
scheme,,,B2,,
scholasticism,,,B2,,
schoolgirl,,,B2,,
scientifically,,,B2,,
scooter,,,B2,,
scramble,,,B2,,
screening,,,B2,,
scribble,,,B2,,
scrooge,,,B2,,
scuba,,,B2,,
scythe,,,B2,,
seal,,,B2,,
seasonal,,,B2,,
second person,,,B2,,
sector,,,B2,,
seeker,,,B2,,
seesaw,,,B2,,
segment,,,B2,,
seldom,,,B2,,
self-confidence,,,B2,,
self-confident,,,B2,,
selfless,,,B2,,
seller,,,B2,,
semi-final,,,B2,,
semicolon,,,B2,,
seminar,,,B2,,
senator,,,B2,,
sensitive,,,B2,,
separately,,,B2,,
serene,,,B2,,
serial,,,B2,,
setback,,,B2,,
sexism,,,B2,,
sexy,,,B2,,
shabby,,,B2,,
shaken,,,B2,,
shaky,,,B2,,
shaped,,,B2,,
sharply,,,B2,,
shatter,,,B2,,
shed,,,B2,,
shield,,,B2,,
shipping,,,B2,,
shipwreck,,,B2,,
shooting,,,B2,,
shopkeeper,,,B2,,
shoplift,,,B2,,
shoplifter,,,B2,,
shoplifting,,,B2,,
short-term,,,B2,,
shortness,,,B2,,
showbiz,,,B2,,
showcase,,,B2,,
shrink,,,B2,,
shrug,,,B2,,
sibling,,,B2,,
significantly,,,B2,,
signify,,,B2,,
silverware,,,B2,,
simplification,,,B2,,
simultaneous,,,B2,,
sincere,,,B2,,
sincerity,,,B2,,
sister-in-law,,,B2,,
skateboard,,,B2,,
skateboarder,,,B2,,
sketch,,,B2,,
skilled,,,B2,,
skillful/skilful,,,B2,,
skillfully/skilfully,,,B2,,
skim,,,B2,,
skip,,,B2,,
skull,,,B2,,
skylark,,,B2,,
skyward,,,B2,,
slam,,,B2,,
slang,,,B2,,
slap,,,B2,,
slash,,,B2,,
slaughter,,,B2,,
sliver,,,B2,,
sloppy,,,B2,,
smash,,,B2,,
smokestack,,,B2,,
snap,,,B2,,
sneak,,,B2,,
sneer,,,B2,,
sniff,,,B2,,
snore,,,B2,,
snowball,,,B2,,
so-called,,,B2,,
soak,,,B2,,
soaked,,,B2,,
soaking,,,B2,,
soar,,,B2,,
sob,,,B2,,
sociable,,,B2,,
socialize/socialise,,,B2,,
softness,,,B2,,
solar,,,B2,,
solidity,,,B2,,
soliloquy,,,B2,,
solo,,,B2,,
solvent,,,B2,,
somewhat,,,B2,,
son-in-law,,,B2,,
sonnet,,,B2,,
sophisticated,,,B2,,
soundtrack,,,B2,,
southward,,,B2,,
soybean,,,B2,,
spa,,,B2,,
span,,,B2,,
spare,,,B2,,
sparerib,,,B2,,
spark,,,B2,,
sparkling,,,B2,,
sparrow,,,B2,,
specialise,,,B2,,
specialty,,,B2,,
species,,,B2,,
specify,,,B2,,
spectacle,,,B2,,
speculate,,,B2,,
speculation,,,B2,,
speeder,,,B2,,
spellbound,,,B2,,
spin,,,B2,,
spite,,,B2,,
splatter,,,B2,,
spokesman,,,B2,,
spokesperson,,,B2,,
spokeswoman,,,B2,,
sponsorship,,,B2,,
spray,,,B2,,
spreadsheet,,,B2,,
sprint,,,B2,,
spur,,,B2,,
squad,,,B2,,
squash,,,B2,,
squeeze,,,B2,,
stab,,,B2,,
stability,,,B2,,
stack,,,B2,,
stagger,,,B2,,
stain,,,B2,,
stake,,,B2,,
stammer,,,B2,,
stance,,,B2,,
standby,,,B2,,
standstill,,,B2,,
stanza,,,B2,,
startle,,,B2,,
starvation,,,B2,,
starve,,,B2,,
starving,,,B2,,
statesman,,,B2,,
statewide,,,B2,,
statistics,,,B2,,
steely,,,B2,,
steer,,,B2,,
steering wheel,,,B2,,
stepfather,,,B2,,
stepmother,,,B2,,
stereotype,,,B2,,
stern,,,B2,,
stew,,,B2,,
stiff,,,B2,,
stimulant,,,B2,,
stimulate,,,B2,,
stimulation,,,B2,,
stingy,,,B2,,
stink,,,B2,,
stitch,,,B2,,
stock market,,,B2,,
stock,,,B2,,
stockpile,,,B2,,
stonework,,,B2,,
stool,,,B2,,
stopover,,,B2,,
stopwatch,,,B2,,
straighten,,,B2,,
straightforward,,,B2,,
strait,,,B2,,
strand,,,B2,,
strangle,,,B2,,
strictly,,,B2,,
stride,,,B2,,
striking,,,B2,,
strive,,,B2,,
stroke,,,B2,,
stubbornly,,,B2,,
stylist,,,B2,,
subcontinent,,,B2,,
subculture,,,B2,,
subdivision,,,B2,,
subjunctive,,,B2,,
submit,,,B2,,
subplot,,,B2,,
subsequent,,,B2,,
subsequently,,,B2,,
subside,,,B2,,
subtitle,,,B2,,
subtle,,,B2,,
subtract,,,B2,,
suburb,,,B2,,
successive,,,B2,,
suck,,,B2,,
sue,,,B2,,
suffering,,,B2,,
sufficiently,,,B2,,
suitably,,,B2,,
sulfur/sulphur,,,B2,,
sunbeam,,,B2,,
superb,,,B2,,
superintendent,,,B2,,
supernatural,,,B2,,
supervise,,,B2,,
supervision,,,B2,,
supervisor,,,B2,,
supplement,,,B2,,
supplier,,,B2,,
suppress,,,B2,,
surge,,,B2,,
surrender,,,B2,,
surroundings,,,B2,,
surveillance,,,B2,,
suspend,,,B2,,
suspicious,,,B2,,
suspiciously,,,B2,,
sustain,,,B2,,
sustainable,,,B2,,
swan,,,B2,,
sweep,,,B2,,
swift,,,B2,,
swing,,,B2,,
syllable,,,B2,,
symbolic,,,B2,,
sympathetic,,,B2,,
sympathize/sympathise,,,B2,,
synonym,,,B2,,
tablecloth,,,B2,,
tabloid,,,B2,,
tack,,,B2,,
tackle,,,B2,,
tactile,,,B2,,
tag,,,B2,,
tame,,,B2,,
tan,,,B2,,
tanned,,,B2,,
tatter,,,B2,,
tattoo,,,B2,,
taunt,,,B2,,
teaspoon,,,B2,,
technically,,,B2,,
telescope,,,B2,,
temperate,,,B2,,
temporarily,,,B2,,
temptation,,,B2,,
tender,,,B2,,
tenderly,,,B2,,
tenderness,,,B2,,
terms,,,B2,,
terrace,,,B2,,
terrifying,,,B2,,
territory,,,B2,,
testify,,,B2,,
testimony,,,B2,,
testing,,,B2,,
theorist,,,B2,,
therapist,,,B2,,
therapy,,,B2,,
thereafter,,,B2,,
thermometer,,,B2,,
thesis,,,B2,,
thickly,,,B2,,
thickness,,,B2,,
thigh,,,B2,,
thinker,,,B2,,
third person,,,B2,,
thirdly,,,B2,,
thoroughly,,,B2,,
thoughtful,,,B2,,
thoughtless,,,B2,,
thread,,,B2,,
threaten,,,B2,,
thrill,,,B2,,
thrilled,,,B2,,
thrilling,,,B2,,
tickle,,,B2,,
tightrope,,,B2,,
timeless,,,B2,,
timeliness,,,B2,,
times,,,B2,,
timing,,,B2,,
tiptoe,,,B2,,
tiredness,,,B2,,
tiresome,,,B2,,
toenail,,,B2,,
toil,,,B2,,
tolerant,,,B2,,
tolerate,,,B2,,
toll,,,B2,,
tomb,,,B2,,
ton,,,B2,,
torch,,,B2,,
tortoiseshell,,,B2,,
torture,,,B2,,
tough,,,B2,,
toxic,,,B2,,
trader,,,B2,,
trading,,,B2,,
trailer,,,B2,,
trainee,,,B2,,
trait,,,B2,,
traitor,,,B2,,
tramp,,,B2,,
trample,,,B2,,
transcript,,,B2,,
transfusion,,,B2,,
transient,,,B2,,
transistor,,,B2,,
transition,,,B2,,
transitive,,,B2,,
translator,,,B2,,
transmission,,,B2,,
transmit,,,B2,,
transparent,,,B2,,
traverse,,,B2,,
tray,,,B2,,
tread,,,B2,,
treaty,,,B2,,
trek,,,B2,,
tremendously,,,B2,,
tremor,,,B2,,
trial,,,B2,,
triangle,,,B2,,
tribe,,,B2,,
tricky,,,B2,,
trillion,,,B2,,
trio,,,B2,,
trivial,,,B2,,
trolley,,,B2,,
troop,,,B2,,
trophy,,,B2,,
tropic,,,B2,,
troublesome,,,B2,,
trunk,,,B2,,
trusty,,,B2,,
truthful,,,B2,,
truthfulness,,,B2,,
tsunami,,,B2,,
tub,,,B2,,
tuberculosis,,,B2,,
tug,,,B2,,
tuition,,,B2,,
tulip,,,B2,,
tumor/tumour,,,B2,,
tunnel,,,B2,,
turbulent,,,B2,,
tutor,,,B2,,
twinkle,,,B2,,
twisted,,,B2,,
typhoid,,,B2,,
tyranny,,,B2,,
tyrant,,,B2,,
ultimate,,,B2,,
ultimately,,,B2,,
unacceptable,,,B2,,
unashamedly,,,B2,,
unattractive,,,B2,,
unauthorized/unauthorised,,,B2,,
unavailable,,,B2,,
unaware,,,B2,,
unbearable,,,B2,,
unbeatable,,,B2,,
unchanged,,,B2,,
uncharacteristic,,,B2,,
unclearly,,,B2,,
uncomfortably,,,B2,,
uncommon,,,B2,,
unconcerned,,,B2,,
unconscious,,,B2,,
underestimate,,,B2,,
undergraduate,,,B2,,
undersea,,,B2,,
understandable,,,B2,,
undertake,,,B2,,
undoubtedly,,,B2,,
undreamed,,,B2,,
undressed,,,B2,,
unease,,,B2,,
uneasily,,,B2,,
unenthusiastic,,,B2,,
uneven,,,B2,,
unfamiliar,,,B2,,
unfashionable,,,B2,,
unforeseen,,,B2,,
ungodly,,,B2,,
unhappiness,,,B2,,
unhelpful,,,B2,,
unimaginable,,,B2,,
unimaginably,,,B2,,
unity,,,B2,,
universal,,,B2,,
unjustly,,,B2,,
unkind,,,B2,,
unlimited,,,B2,,
unload,,,B2,,
unlock,,,B2,,
unmistakable,,,B2,,
unmistakably,,,B2,,
unnatural,,,B2,,
unofficial,,,B2,,
unpopular,,,B2,,
unrealistic,,,B2,,
unreasonable,,,B2,,
unreliable,,,B2,,
unrest,,,B2,,
unsafe,,,B2,,
unsatisfactory,,,B2,,
unselfish,,,B2,,
unstoppable,,,B2,,
unsuccessful,,,B2,,
unsuitable,,,B2,,
unsure,,,B2,,
untalented,,,B2,,
unthinkably,,,B2,,
untie,,,B2,,
unto,,,B2,,
untreated,,,B2,,
untrimmed,,,B2,,
unusualness,,,B2,,
unwilling,,,B2,,
unwise,,,B2,,
unworldly,,,B2,,
upbringing,,,B2,,
upgrade,,,B2,,
upright,,,B2,,
upside down,,,B2,,
upwards,,,B2,,
urban,,,B2,,
urgently,,,B2,,
usher,,,B2,,
utility,,,B2,,
utilize/utilise,,,B2,,
utter,,,B2,,
utterly,,,B2,,
vacant,,,B2,,
vaccine,,,B2,,
valentine,,,B2,,
valid,,,B2,,
vanish,,,B2,,
vanity,,,B2,,
variation,,,B2,,
varied,,,B2,,
venture,,,B2,,
venue,,,B2,,
verbal,,,B2,,
verbally,,,B2,,
verse,,,B2,,
versus,,,B2,,
vertical,,,B2,,
veteran,,,B2,,
vibrate,,,B2,,
vibration,,,B2,,
vigor/vigour,,,B2,,
vigorous,,,B2,,
vigorously,,,B2,,
villa,,,B2,,
villager,,,B2,,
vinegar,,,B2,,
violate,,,B2,,
virtual reality,,,B2,,
virtually,,,B2,,
virtue,,,B2,,
visibly,,,B2,,
vital,,,B2,,
vitamin,,,B2,,
vocalist,,,B2,,
voluntary,,,B2,,
vomit,,,B2,,
voter,,,B2,,
voting,,,B2,,
vow,,,B2,,
wage,,,B2,,
waist,,,B2,,
waistcoat,,,B2,,
walkabout,,,B2,,
walker,,,B2,,
wallboard,,,B2,,
walnut,,,B2,,
warming,,,B2,,
warship,,,B2,,
wartime,,,B2,,
wasp,,,B2,,
waterproof,,,B2,,
weaken,,,B2,,
weakly,,,B2,,
wealthy,,,B2,,
wearisome,,,B2,,
weary,,,B2,,
weave,,,B2,,
wed,,,B2,,
weed,,,B2,,
welfare,,,B2,,
well-balanced,,,B2,,
well-built,,,B2,,
well-organized/well-organised,,,B2,,
well-paid,,,B2,,
wheat,,,B2,,
whereas,,,B2,,
whip,,,B2,,
whiskey/whisky,,,B2,,
widen,,,B2,,
widow,,,B2,,
width,,,B2,,
wilderness,,,B2,,
willing,,,B2,,
willingly,,,B2,,
winding,,,B2,,
windshield,,,B2,,
wink,,,B2,,
wipe,,,B2,,
wit,,,B2,,
withdraw,,,B2,,
withdrawal,,,B2,,
witty,,,B2,,
wolf,,,B2,,
wondrous,,,B2,,
woodcarving,,,B2,,
wordlessly,,,B2,,
workaholic,,,B2,,
workbench,,,B2,,
workforce,,,B2,,
workman,,,B2,,
worktable,,,B2,,
worldly,,,B2,,
worldview,,,B2,,
worm,,,B2,,
wornout/worn out/worn-out,,,B2,,
worrying,,,B2,,
worsen,,,B2,,
worship,,,B2,,
worthless,,,B2,,
wreck,,,B2,,
wrongly,,,B2,,
yacht,,,B2,,
yawn,,,B2,,
yearn,,,B2,,
yield,,,B2,,
youthful,,,B2,,
yummy,,,B2,,
zebra,,,B2,,
zip,,,B2,,
zoom,,,B2,,
